ID,Name,Service/Product Description,Sustainability Rating,Contact Information
V001,Anderson-Murphy Decor,Green technology solutions,3.3,jeffrey61@hotmail.com
V002,"Rodriguez, Johnson and Smith Catering",Eco-friendly catering services,3.5,mwells@hanson.com
V003,Mckenzie LLC Transport,Electric vehicle rentals,4.0,ipoole@cortez.net
V004,Butler-Mccormick Decor,Solar powered sound systems,3.7,joseph60@howe.com
V005,Smith and Sons Decor,Eco-friendly catering services,3.4,jeffreylee@hotmail.com
V007,"Williams, Mcfarland and Herrera Catering",Electric vehicle rentals,3.1,carl86@smith.com
V008,"Richardson, Edwards and Copeland Tech",Green technology solutions,3.7,bclay@yahoo.com
V009,Price LLC Catering,Solar powered sound systems,4.2,donaldhoward@hotmail.com
V010,"Adkins, Wagner and Green Sound Systems",Green technology solutions,3.4,joshua41@yahoo.com
V011,Hernandez-Bishop Catering,Sustainable decoration services,3.3,nbaker@gmail.com
V012,Guerrero-Munoz Sound Systems,Green technology solutions,3.4,byrdkevin@hotmail.com
V013,Taylor-Ward Sound Systems,Sustainable decoration services,3.4,hnovak@grimes.com
V014,Williams Group Sound Systems,Sustainable decoration services,3.4,heverett@davies-johnson.org
V015,Mack Group Sound Systems,Eco-friendly catering services,5.0,osilva@yahoo.com
V016,Mullins-Pacheco Decor,Green technology solutions,3.8,ireyes@hotmail.com
V017,"Aguirre, Vasquez and Thompson Sound Systems",Green technology solutions,3.6,michellecordova@williams.net
V019,"Ware, Knapp and Welch Sound Systems",Green technology solutions,3.8,lisa86@taylor.biz
V021,"Foley, Smith and Williams Transport",Solar powered sound systems,3.1,nwright@hoffman.com
V022,Rodriguez Inc Tech,Green technology solutions,4.3,bperez@gmail.com
V023,Moore Group Decor,Sustainable decoration services,4.4,ucompton@jones-powell.com
V024,"Bailey, Smith and Anderson Catering",Eco-friendly catering services,3.1,gramirez@smith.com
V025,Wilson-Lynch Catering,Eco-friendly catering services,4.3,mariahlane@miller.biz
V026,Reed Inc Decor,Green technology solutions,3.0,millerderek@nguyen.com
V027,Conner Group Decor,Sustainable decoration services,3.9,jonesamber@butler-bartlett.com
V028,Gonzalez Ltd Catering,Sustainable decoration services,4.5,srush@porter-mendez.com
V029,Schmidt Ltd Decor,Solar powered sound systems,3.6,jamesanderson@martinez-jackson.net
V030,"Melendez, Lee and Stokes Transport",Sustainable decoration services,3.4,angela61@gmail.com
V031,Carrillo-Ward Catering,Eco-friendly catering services,4.0,michellebrown@yahoo.com
V033,Murray-Watts Transport,Green technology solutions,4.2,virginiahall@gmail.com
V034,"Shaffer, Howard and Conner Catering",Eco-friendly catering services,3.0,nathan36@gmail.com
V035,"Kelley, Jones and Reilly Tech",Electric vehicle rentals,4.4,sharpchristopher@lutz.info
V038,Perez Group Tech,Solar powered sound systems,3.5,leslie34@gmail.com
V039,Carter-Garrett Catering,Solar powered sound systems,4.1,jameswoodward@yahoo.com
V041,"Morgan, Baldwin and Barr Decor",Green technology solutions,3.1,lance98@gmail.com
V042,"Knight, Mitchell and Ramirez Transport",Green technology solutions,4.3,mooretammy@gmail.com
V043,Melendez PLC Transport,Solar powered sound systems,3.2,leslie95@sanders-black.com
V044,"Crane, Arellano and Miranda Tech",Green technology solutions,5.0,jgutierrez@hotmail.com
V046,"Nielsen, Williams and Reynolds Catering",Eco-friendly catering services,4.4,czamora@yahoo.com
V047,"Jones, Hammond and Alvarado Tech",Eco-friendly catering services,3.6,bwatkins@hotmail.com
V048,"Landry, Wong and Smith Decor",Sustainable decoration services,4.6,wilsonkristin@gmail.com
V050,Reed Ltd Catering,Solar powered sound systems,3.8,browningjulie@yahoo.com
V051,Simpson-Jackson Decor,Green technology solutions,4.4,robert08@montoya.com
V052,Soto-Hughes Sound Systems,Solar powered sound systems,4.6,reynoldselijah@gill.com
V053,Wilson-Simmons Tech,Eco-friendly catering services,4.2,chase19@gmail.com
V055,"Smith, Knight and Lucas Tech",Electric vehicle rentals,4.6,petersenmary@hotmail.com
V056,"Patrick, Andrews and Gutierrez Sound Systems",Green technology solutions,4.2,francisco52@gilbert-davis.com
V057,Smith Group Decor,Green technology solutions,4.5,katelynmoore@curry.org
V058,Shannon-Olson Decor,Electric vehicle rentals,3.6,jeffreyashley@yahoo.com
V060,Stevens Ltd Catering,Sustainable decoration services,3.9,jschwartz@hotmail.com
V061,"Clark, Robbins and Fowler Transport",Eco-friendly catering services,4.1,stevenskelsey@hotmail.com
V062,"Bryant, Rodriguez and Bryant Transport",Eco-friendly catering services,4.6,qwatkins@knight-ellison.com
V063,Norman Ltd Decor,Solar powered sound systems,4.9,mcintoshjonathan@gmail.com
V064,Moore Ltd Tech,Eco-friendly catering services,3.7,hernandezsamuel@yahoo.com
V065,"Miller, Marquez and Rodriguez Catering",Green technology solutions,3.3,carolyn85@shelton-davis.net
V067,"Sutton, Vargas and Nelson Tech",Sustainable decoration services,4.6,bobbyrussell@gmail.com
V068,"Johnson, Miller and Cole Decor",Solar powered sound systems,4.8,ewolfe@humphrey-campbell.com
V069,Carson Inc Sound Systems,Solar powered sound systems,3.1,fcaldwell@ramos.com
V070,"Houston, Schultz and Wilkinson Catering",Sustainable decoration services,4.2,alvarezheather@newman.org
V071,"Garcia, Quinn and Mckenzie Decor",Sustainable decoration services,3.0,shane91@hotmail.com
V072,"Fields, Carpenter and Arias Sound Systems",Sustainable decoration services,4.1,michael96@mckenzie.com
V073,Shepard and Sons Decor,Green technology solutions,4.1,jennaroy@williams-gonzales.com
V074,"Haynes, Houston and Sherman Catering",Eco-friendly catering services,3.4,andrewjones@hotmail.com
V075,"Cain, Obrien and Benton Decor",Green technology solutions,4.3,stephanie78@yahoo.com
V076,Thomas and Sons Decor,Sustainable decoration services,4.6,ogonzales@gmail.com
V077,Stevens-Solomon Decor,Eco-friendly catering services,3.4,spearsthomas@ortega-garner.com
V079,Wheeler-Pope Catering,Eco-friendly catering services,3.8,thompsonmarc@pena-stephens.com
V080,Donovan-Dudley Transport,Electric vehicle rentals,3.3,areed@knapp.com
V082,"Burke, Reynolds and Johnson Catering",Green technology solutions,3.3,butlerandrea@cox-jackson.com
V083,Andrews-Wilson Tech,Sustainable decoration services,3.2,kristenrivera@yahoo.com
V085,Reed-Woods Catering,Electric vehicle rentals,3.6,diane44@scott-taylor.com
V086,Sanchez Ltd Transport,Green technology solutions,4.0,ochoacolleen@hotmail.com
V087,Cummings-Richards Sound Systems,Sustainable decoration services,3.7,gwilliams@williams.com
V088,"Parks, Taylor and Ward Transport",Electric vehicle rentals,3.0,david66@hotmail.com
V089,Miller Inc Sound Systems,Eco-friendly catering services,4.0,gina82@yahoo.com
V090,"Wilson, Martinez and Hernandez Decor",Eco-friendly catering services,3.8,dennisrogers@wilson.com
V092,Mitchell-Garcia Sound Systems,Eco-friendly catering services,4.0,daniel97@hotmail.com
V094,Guerra-Griffin Catering,Solar powered sound systems,4.5,lhenderson@jones-nicholson.com
V095,Ayers LLC Decor,Eco-friendly catering services,4.3,mstevens@hotmail.com
V096,Giles and Sons Decor,Electric vehicle rentals,4.1,wwashington@higgins.com
V097,"Taylor, Ruiz and Banks Decor",Eco-friendly catering services,4.5,pricekristina@robinson-murphy.com
V098,Taylor PLC Decor,Electric vehicle rentals,3.1,marshallannette@hotmail.com
V099,"Dyer, Le and Bennett Transport",Green technology solutions,4.0,cgardner@young.com
V100,Brown-Harrison Catering,Solar powered sound systems,4.1,lisa32@gmail.com
V101,Reyes Group Sound Systems,Eco-friendly catering services,4.0,jonestiffany@mack.com
V102,Townsend-Hernandez Catering,Electric vehicle rentals,3.5,mmendoza@hotmail.com
V103,"Hartman, Gregory and Nelson Transport",Electric vehicle rentals,3.1,angela81@collins.com
V104,"Brown, Thomas and Phelps Transport",Sustainable decoration services,3.4,hannahnguyen@davis.info
V105,Garcia-Paul Tech,Eco-friendly catering services,3.3,kferguson@young-austin.net
V106,"Carter, Turner and Mcbride Tech",Eco-friendly catering services,5.0,abowman@watts.com
V107,"Perez, Carpenter and Ward Decor",Green technology solutions,4.0,nrodriguez@gmail.com
V108,Dickerson PLC Decor,Solar powered sound systems,4.0,athomas@hotmail.com
V109,"Washington, Bennett and Hooper Transport",Sustainable decoration services,3.3,ronnie93@swanson.com
V110,Johnson-Tyler Transport,Electric vehicle rentals,4.9,lawrenceandrea@reyes.com
V111,"Acosta, Cochran and Hanna Sound Systems",Eco-friendly catering services,3.6,valerie18@riley-bryant.info
V112,"Payne, Ingram and Collins Tech",Green technology solutions,3.6,michelewatson@yahoo.com
V113,"House, Cohen and Yates Transport",Electric vehicle rentals,4.5,colinhatfield@kennedy.com
V114,Williams Group Tech,Solar powered sound systems,4.4,cochranadam@banks.com
V115,"Pruitt, Bowers and Bryant Decor",Sustainable decoration services,3.9,christopheroconnell@yahoo.com
V116,Warner-Jackson Tech,Green technology solutions,4.5,sjames@foster.com
V117,Willis-Shelton Sound Systems,Green technology solutions,4.5,watsonstefanie@hansen.com
V118,Hunt-Martinez Catering,Electric vehicle rentals,4.8,john39@richard.com
V119,Trujillo PLC Tech,Eco-friendly catering services,3.7,odonnellkayla@hotmail.com
V123,"Sanders, Faulkner and Brennan Transport",Green technology solutions,3.4,smithcrystal@rose.com
V124,Lynch-Dickerson Transport,Eco-friendly catering services,4.8,ssnow@gmail.com
V125,Gonzalez-Page Transport,Green technology solutions,3.0,htran@hotmail.com
V075,"Cain, Obrien and Benton Decor",Green technology solutions,4.3,stephanie78@yahoo.com
V046,"Nielsen, Williams and Reynolds Catering",Eco-friendly catering services,4.4,czamora@yahoo.com
V032,Horn Group Transport,Solar powered sound systems,4.3,bryanmatthew@escobar.com
V066,"Burns, Hoffman and Dalton Sound Systems",Electric vehicle rentals,3.6,emily31@phillips-franco.info
V067,"Sutton, Vargas and Nelson Tech",Sustainable decoration services,4.6,bobbyrussell@gmail.com
V119,Trujillo PLC Tech,Eco-friendly catering services,3.7,odonnellkayla@hotmail.com
V101,Reyes Group Sound Systems,Eco-friendly catering services,4.0,jonestiffany@mack.com
V116,Warner-Jackson Tech,Green technology solutions,4.5,sjames@foster.com
V034,"Shaffer, Howard and Conner Catering",Eco-friendly catering services,3.0,nathan36@gmail.com
V063,Norman Ltd Decor,Solar powered sound systems,4.9,mcintoshjonathan@gmail.com
V045,Garcia Group Decor,Green technology solutions,3.7,marc17@pratt.biz
